case,react_totalRevenue,angular_totalRevenue,react_totalExpenses,angular_totalExpenses,react_netIncome,angular_netIncome,react_cpr,angular_cpr,react_netMargin,angular_netMargin
baseline_us,201760,201760,147354.4,147354.4,54405.600000000006,54405.600000000006,92.09649999999999,92.09649999999999,26.965503568596354,26.965503568596354
baseline_ca,253760,253760,159460,159460,94300,94300,79.73,79.73,37.161097099621685,37.161097099621685